question,answer
"Кто является целевой аудиторией вашего сервиса?","Целевой аудиторией нашего сервиса являются селлеры и менеджеры на маркетплейсе Wildberries, которым необходимо получать детальную статистику и ключевые бизнес-метрики для ведения своего бизнеса."
"Какие основные функции предоставляет ваш сервис?","Основными функциями сервиса является просмотр статистики и аналитики маркетплейса, которая сведена к одному дашборду. Дашборд содержит наглядные чарты и виджеты, которые демонстрируют ключевые метрики."
"Какие задачи решает ваш сервис?","Сервис решает задачи грамотного отображения статистики для своевременных действий и понимания общей картины в бизнесе, связанного с продажами и реализацией товара на маркетплейсе."
"Какие могут быть ограничения у вашего сервиса?","Доступ к сервису платный и осуществляется посредством месячной подписки. Также данные в сервисе хранятся за последние 30 дней."
"Как быстро сервис заполняет данные после регистрации?","После регистрации пользователя данные за последние 30 дней заполняются в течение получаса."
"Как обеспечивается конфиденциальность данных в вашем сервисе?","Данные хранятся на закрытой локальной базе данных, и мы обязуемся не разглашать их."
"Можно ли обновлять данные вручную?","Да, у сервиса есть возможность принудительного обновления данных в случае, если API маркетплейса не работает."
"Какие метрики отображаются на дашборде 'Остатки на складе'?","На дашборде отображаются остатки товаров, оборачиваемость, товары в пути от клиента и к клиенту."
"Как рассчитывается оборачиваемость товаров?","Оборачиваемость рассчитывается как отношение количества товаров на складе к среднему количеству заказов в день."
"Какие визуализации используются на дашборде 'Остатки на складе'?","На дашборде используются тепловая карта остатков, Treemap по остаткам и таблица с детализированной информацией по каждому товару."
"Какие фильтры доступны на дашборде 'Остатки на складе'?","Фильтры доступны по артикулу WB, артикулу продавца, бренду и предмету."
"Какие метрики отображаются на дашборде 'Рекламные расходы'?","На дашборде отображаются CTR, CPC, CPO и ДРР."
"Как рассчитывается CTR на дашборде 'Рекламные расходы'?","CTR рассчитывается как отношение количества кликов к количеству показов."
"Как рассчитывается CPC на дашборде 'Рекламные расходы'?","CPC рассчитывается как отношение суммы затрат к количеству кликов."
"Как рассчитывается CPO на дашборде 'Рекламные расходы'?","CPO рассчитывается как отношение суммы затрат к количеству заказов."
"Как рассчитывается ДРР на дашборде 'Рекламные расходы'?","ДРР рассчитывается как отношение затрат на рекламу к сумме заказов."
"Какие визуализации используются на дашборде 'Рекламные расходы'?","На дашборде используются линейные диаграммы для отображения динамики показателей и сводные таблицы по артикулам и кампаниям."
"Какие фильтры доступны на дашборде 'Рекламные расходы'?","Фильтры доступны по артикулу WB, артикулу продавца, бренду, предмету и диапазону дат."
"Какие метрики отображаются на дашборде 'Статистика'?","На дашборде отображаются заказы, продажи и отказы."
"Как рассчитывается процент отказов на дашборде 'Статистика'?","Процент отказов рассчитывается как отношение количества отказов к общему количеству заказов."
"Какие визуализации используются на дашборде 'Статистика'?","На дашборде используются линейные диаграммы для отображения динамики заказов, продаж и отказов, а также сводные таблицы по артикулам и регионам."
"Какие фильтры доступны на дашборде 'Статистика'?","Фильтры доступны по артикулу WB, артикулу продавца, бренду, предмету и диапазону дат."
"Какие метрики отображаются на дашборде 'Воронка продаж'?","На дашборде отображаются показы, клики, добавления в корзину, заказы и выкупы."
"Как рассчитывается конверсия в корзину на дашборде 'Воронка продаж'?","Конверсия в корзину рассчитывается как отношение количества добавлений в корзину к количеству кликов."
"Как рассчитывается конверсия в заказ на дашборде 'Воронка продаж'?","Конверсия в заказ рассчитывается как отношение количества заказов к количеству добавлений в корзину."
"Как рассчитывается процент выкупа на дашборде 'Воронка продаж'?","Процент выкупа рассчитывается как отношение количества выкупленных заказов к общему количеству заказов."
"Какие визуализации используются на дашборде 'Воронка продаж'?","На дашборде используется графическое представление воронки продаж, линейные графики конверсий по этапам и сводная таблица по артикулам."
"Какие фильтры доступны на дашборде 'Воронка продаж'?","Фильтры доступны по артикулу WB, артикулу продавца, бренду, предмету и диапазону дат."
"Как я могу получить доступ к вашему сервису?","Доступ к сервису осуществляется через платную подписку на месяц."
"Как быстро я получу доступ после оплаты?","После оплаты доступ предоставляется в течение нескольких минут."
"Какие данные доступны в сервисе?","В сервисе доступны данные за последние 30 дней, включая заказы, продажи, отказы, рекламные расходы и остатки на складе."
"Могу ли я экспортировать данные из вашего сервиса?","Да, у нас есть возможность экспорта данных в формате CSV."
"Как часто обновляются данные в сервисе?","Данные обновляются ежедневно."
"Могу ли я настроить уведомления о ключевых изменениях в данных?","Да, у нас есть возможность настройки уведомлений по электронной почте."
"Какие форматы отчетов доступны в вашем сервисе?","Доступны отчеты в формате PDF и CSV."
"Могу ли я настроить собственные метрики в дашбордах?","Да, у нас есть возможность настройки пользовательских метрик."
"Как я могу связаться с поддержкой, если у меня возникнут вопросы?","Вы можете связаться с нашей поддержкой через форму обратной связи на сайте или по электронной почте."
"Какие платформы поддерживает ваш сервис?","Наш сервис поддерживает работу на всех основных платформах, включая Windows, macOS, iOS и Android."
"Могу ли я использовать ваш сервис на нескольких устройствах?","Да, вы можете использовать сервис на нескольких устройствах с одной учетной записью."
"Какие языки поддерживает ваш сервис?","Наш сервис поддерживает русский и английский языки."
"Могу ли я изменить пароль от своей учетной записи?","Да, вы можете изменить пароль в настройках своей учетной записи."
"Как я могу восстановить доступ к своей учетной записи, если забыл пароль?","Вы можете восстановить доступ через форму восстановления пароля на сайте."
"Могу ли я отменить подписку на ваш сервис?","Да, вы можете отменить подписку в любое время в настройках своей учетной записи."
"Какие методы оплаты поддерживает ваш сервис?","Мы поддерживаем оплату банковскими картами, PayPal и другими популярными платежными системами."
"Могу ли я получить пробный период до оплаты?","Да, мы предлагаем пробный период на 7 дней."
"Как я могу узнать больше о вашем сервисе?","Вы можете ознакомиться с нашей документацией на сайте или связаться с нашей поддержкой."
"Какие преимущества дает использование вашего сервиса?","Наш сервис помогает эффективно управлять продажами, анализировать ключевые метрики и принимать обоснованные решения."
"Какие данные требуются для регистрации в вашем сервисе?","Для регистрации требуется указать адрес электронной почты, имя пользователя и пароль."
"Могу ли я добавить несколько аккаунтов Wildberries в одну учетную запись?","Да, вы можете добавить несколько аккаунтов Wildberries в одну учетную запись."
"Как я могу обновить свои данные в сервисе?","Вы можете обновить данные вручную через интерфейс сервиса или дождаться автоматического обновления."
"Могу ли я настроить автоматическое обновление данных?","Да, у нас есть возможность настройки автоматического обновления данных по расписанию."
"Какие данные отображаются в таблице по общим остаткам?","В таблице отображаются фото товара, название, артикул WB, остаток на складе, товары в пути от клиента и к клиенту, а также оборачиваемость."
"Как я могу узнать, сколько товаров находится в пути к клиенту?","Количество товаров в пути к клиенту отображается в таблице по общим остаткам."
"Как я могу узнать, сколько товаров находится в пути от клиента?","Количество товаров в пути от клиента отображается в таблице по общим остаткам."
"Как я могу узнать оборачиваемость конкретного товара?","Оборачиваемость конкретного товара отображается в таблице по общим остаткам."
"Какие дополнительные функции доступны в вашем сервисе?","Дополнительные функции включают фильтрацию по артикулу, бренду, предмету и диапазону дат."
"Как я могу настроить внешний вид дашборда?","Внешний вид дашборда можно настроить с помощью темы оформления и выбора необходимых виджетов."
"Для кого предназначен ваш сервис?","Целевой аудиторией нашего сервиса являются селлеры и менеджеры на маркетплейсе Wildberries, которым необходимо получать детальную статистику и ключевые бизнес-метрики для ведения своего бизнеса."
"Кто может воспользоваться вашим сервисом?","Целевой аудиторией нашего сервиса являются селлеры и менеджеры на маркетплейсе Wildberries, которым необходимо получать детальную статистику и ключевые бизнес-метрики для ведения своего бизнеса."
"Какие категории пользователей используют ваш сервис?","Целевой аудиторией нашего сервиса являются селлеры и менеджеры на маркетплейсе Wildberries, которым необходимо получать детальную статистику и ключевые бизнес-метрики для ведения своего бизнеса."
"Какие основные возможности предлагает ваш сервис?","Основными функциями сервиса является просмотр статистики и аналитики маркетплейса, которая сведена к одному дашборду. Дашборд содержит наглядные чарты и виджеты, которые демонстрируют ключевые метрики."
"Что включает в себя функционал вашего сервиса?","Основными функциями сервиса является просмотр статистики и аналитики маркетплейса, которая сведена к одному дашборду. Дашборд содержит наглядные чарты и виджеты, которые демонстрируют ключевые метрики."
"Какие задачи помогает решить ваш сервис?","Сервис решает задачи грамотного отображения статистики для своевременных действий и понимания общей картины в бизнесе, связанного с продажами и реализацией товара на маркетплейсе."
"Какие могут быть ограничения у вашего сервиса?","Доступ к сервису платный и осуществляется посредством месячной подписки. Также данные в сервисе хранятся за последние 30 дней."
"Как быстро сервис заполняет данные после регистрации?","После регистрации пользователя данные за последние 30 дней заполняются в течение получаса."
"Как обеспечивается конфиденциальность данных в вашем сервисе?","Данные хранятся на закрытой локальной базе данных, и мы обязуемся не разглашать их."
"Можно ли обновлять данные вручную?","Да, у сервиса есть возможность принудительного обновления данных в случае, если API маркетплейса не работает."
"Какие метрики отображаются на дашборде 'Остатки на складе'?","На дашборде отображаются остатки товаров, оборачиваемость, товары в пути от клиента и к клиенту."
"Как рассчитывается оборачиваемость товаров?","Оборачиваемость рассчитывается как отношение количества товаров на складе к среднему количеству заказов в день."
"Какие визуализации используются на дашборде 'Остатки на складе'?","На дашборде используются тепловая карта остатков, Treemap по остаткам и таблица с детализированной информацией по каждому товару."
"Какие фильтры доступны на дашборде 'Остатки на складе'?","Фильтры доступны по артикулу WB, артикулу продавца, бренду и предмету."
"Какие метрики отображаются на дашборде 'Рекламные расходы'?","На дашборде отображаются CTR, CPC, CPO и ДРР."
"Как рассчитывается CTR на дашборде 'Рекламные расходы'?","CTR рассчитывается как отношение количества кликов к количеству показов."
"Как рассчитывается CPC на дашборде 'Рекламные расходы'?","CPC рассчитывается как отношение суммы затрат к количеству кликов."
"Как рассчитывается CPO на дашборде 'Рекламные расходы'?","CPO рассчитывается как отношение суммы затрат к количеству заказов."
"Как рассчитывается ДРР на дашборде 'Рекламные расходы'?","ДРР рассчитывается как отношение затрат на рекламу к сумме заказов."
"Какие визуализации используются на дашборде 'Рекламные расходы'?","На дашборде используются линейные диаграммы для отображения динамики показателей и сводные таблицы по артикулам и кампаниям."
"Какие фильтры доступны на дашборде 'Рекламные расходы'?","Фильтры доступны по артикулу WB, артикулу продавца, бренду, предмету и диапазону дат."
"Какие метрики отображаются на дашборде 'Статистика'?","На дашборде отображаются заказы, продажи и отказы."
"Как рассчитывается процент отказов на дашборде 'Статистика'?","Процент отказов рассчитывается как отношение количества отказов к общему количеству заказов."
"Какие визуализации используются на дашборде 'Статистика'?","На дашборде используются линейные диаграммы для отображения динамики заказов, продаж и отказов, а также сводные таблицы по артикулам и регионам."
"Какие фильтры доступны на дашборде 'Статистика'?","Фильтры доступны по артикулу WB, артикулу продавца, бренду, предмету и диапазону дат."
"Какие метрики отображаются на дашборде 'Воронка продаж'?","На дашборде отображаются показы, клики, добавления в корзину, заказы и выкупы."
"Как рассчитывается конверсия в корзину на дашборде 'Воронка продаж'?","Конверсия в корзину рассчитывается как отношение количества добавлений в корзину к количеству кликов."
"Как рассчитывается конверсия в заказ на дашборде 'Воронка продаж'?","Конверсия в заказ рассчитывается как отношение количества заказов к количеству добавлений в корзину."
"Как рассчитывается процент выкупа на дашборде 'Воронка продаж'?","Процент выкупа рассчитывается как отношение количества выкупленных заказов к общему количеству заказов."
"Какие визуализации используются на дашборде 'Воронка продаж'?","На дашборде используется графическое представление воронки продаж, линейные графики конверсий по этапам и сводная таблица по артикулам."
"Какие фильтры доступны на дашборде 'Воронка продаж'?","Фильтры доступны по артикулу WB, артикулу продавца, бренду, предмету и диапазону дат."
"Как я могу получить доступ к вашему сервису?","Доступ к сервису осуществляется через платную подписку на месяц."
"Как быстро я получу доступ после оплаты?","После оплаты доступ предоставляется в течение нескольких минут."
"Какие данные доступны в сервисе?","В сервисе доступны данные за последние 30 дней, включая заказы, продажи, отказы, рекламные расходы и остатки на складе."
"Могу ли я экспортировать данные из вашего сервиса?","Да, у нас есть возможность экспорта данных в формате CSV."
"Как часто обновляются данные в сервисе?","Данные обновляются ежедневно."
"Могу ли я настроить уведомления о ключевых изменениях в данных?","Да, у нас есть возможность настройки уведомлений по электронной почте."
"Какие форматы отчетов доступны в вашем сервисе?","Доступны отчеты в формате PDF и CSV."
"Могу ли я настроить собственные метрики в дашбордах?","Да, у нас есть возможность настройки пользовательских метрик."
"Как я могу связаться с поддержкой, если у меня возникнут вопросы?","Вы можете связаться с нашей поддержкой через форму обратной связи на сайте или по электронной почте."
"Какие платформы поддерживает ваш сервис?","Наш сервис поддерживает работу на всех основных платформах, включая Windows, macOS, iOS и Android."
"Могу ли я использовать ваш сервис на нескольких устройствах?","Да, вы можете использовать сервис на нескольких устройствах с одной учетной записью."
"Какие языки поддерживает ваш сервис?","Наш сервис поддерживает русский и английский языки."
"Могу ли я изменить пароль от своей учетной записи?","Да, вы можете изменить пароль в настройках своей учетной записи."
"Как я могу восстановить доступ к своей учетной записи, если забыл пароль?","Вы можете восстановить доступ через форму восстановления пароля на сайте."
"Могу ли я отменить подписку на ваш сервис?","Да, вы можете отменить подписку в любое время в настройках своей учетной записи."
"Какие методы оплаты поддерживает ваш сервис?","Мы поддерживаем оплату банковскими картами, PayPal и другими популярными платежными системами."
"Могу ли я получить пробный период до оплаты?","Да, мы предлагаем пробный период на 7 дней."
"Как я могу узнать больше о вашем сервисе?","Вы можете ознакомиться с нашей документацией на сайте или связаться с нашей поддержкой."
"Какие преимущества дает использование вашего сервиса?","Наш сервис помогает эффективно управлять продажами, анализировать ключевые метрики и принимать обоснованные решения."
"Какие данные требуются для регистрации в вашем сервисе?","Для регистрации требуется указать адрес электронной почты, имя пользователя и пароль."
"Могу ли я добавить несколько аккаунтов Wildberries в одну учетную запись?","Да, вы можете добавить несколько аккаунтов Wildberries в одну учетную запись."
"Как я могу обновить свои данные в сервисе?","Вы можете обновить данные вручную через интерфейс сервиса или дождаться автоматического обновления."
"Могу ли я настроить автоматическое обновление данных?","Да, у нас есть возможность настройки автоматического обновления данных по расписанию."
"Какие данные отображаются в таблице по общим остаткам?","В таблице отображаются фото товара, название, артикул WB, остаток на складе, товары в пути от клиента и к клиенту, а также оборачиваемость."
"Как я могу узнать, сколько товаров находится в пути к клиенту?","Количество товаров в пути к клиенту отображается в таблице по общим остаткам."
"Как я могу узнать, сколько товаров находится в пути от клиента?","Количество товаров в пути от клиента отображается в таблице по общим остаткам."
"Как я могу узнать оборачиваемость конкретного товара?","Оборачиваемость конкретного товара отображается в таблице по общим остаткам."
"Какие дополнительные функции доступны в вашем сервисе?","Дополнительные функции включают фильтрацию по артикулу, бренду, предмету и диапазону дат."
"Как я могу настроить внешний вид дашборда?","Внешний вид дашборда можно настроить с помощью темы оформления и выбора необходимых виджетов."
"Какие инструменты аналитики предоставляет ваш сервис?","Сервис предоставляет инструменты для анализа статистики, включая дашборды с ключевыми метриками и визуализацией данных."
"Какие данные можно анализировать с помощью вашего сервиса?","В сервисе можно анализировать данные о продажах, заказах, отказах, рекламных расходах и остатках на складе."
"Какие преимущества дает интеграция с Wildberries?","Интеграция с Wildberries позволяет автоматически получать актуальные данные о продажах и статистике."
"Какие метрики помогают оценить эффективность продаж?","Ключевые метрики включают продажи, заказы, отказы, выкупы и конверсии на разных этапах воронки продаж."
"Как я могу улучшить свои продажи с помощью вашего сервиса?","Сервис помогает анализировать данные и принимать обоснованные решения для повышения эффективности продаж."
"Какие функции помогают в управлении остатками на складе?","Функции включают анализ оборачиваемости, остатков и товаров в пути, что помогает оптимизировать запасы."
"Какие метрики помогают оценить эффективность рекламы?","Ключевые метрики рекламы включают CTR, CPC, CPO и ДРР, которые помогают оценить окупаемость затрат."
"Как я могу узнать, какие товары продаются лучше всего?","Сервис предоставляет данные о продажах по каждому товару, что помогает выявить лидеров продаж."
"Какие функции помогают в оптимизации рекламных кампаний?","Сервис предоставляет аналитику по рекламным кампаниям, включая динамику показателей и их сравнение."
"Как я могу узнать, какие товары имеют наибольшую оборачиваемость?","Оборачиваемость товаров отображается на дашборде 'Остатки на складе' и в таблице по общим остаткам."
"Какие функции помогают в анализе отказов?","Сервис предоставляет данные о проценте отказов и их динамике, что помогает выявить проблемные зоны."
"Как я могу узнать, какие регионы приносят больше всего продаж?","Сервис предоставляет данные о продажах по регионам, что помогает оптимизировать логистику и рекламу."
"Какие функции помогают в анализе воронки продаж?","Сервис предоставляет графическое представление воронки продаж и конверсий на каждом этапе."
"Как я могу узнать, какие товары имеют наибольший процент выкупа?","Процент выкупа отображается на дашборде 'Воронка продаж' и в таблице по общим остаткам."
"Какие функции помогают в анализе рекламных расходов?","Сервис предоставляет данные о затратах на рекламу, включая CTR, CPC, CPO и ДРР, что помогает оптимизировать бюджет."
"Как я могу узнать, какие товары требуют дозаказа?","Сервис предоставляет данные о остатках на складе и оборачиваемости, что помогает принимать решения о дозаказе."
"Какие функции помогают в анализе динамики продаж?","Сервис предоставляет линейные диаграммы для анализа динамики заказов, продаж и отказов."
"Как я могу узнать, какие товары имеют наибольший спрос?","Сервис предоставляет данные о продажах и заказах по каждому товару, что помогает выявить спрос."
"Какие функции помогают в анализе эффективности брендов?","Сервис предоставляет данные о продажах и заказах по брендам, что помогает оценить их эффективность."
"Как я могу узнать, какие товары имеют наибольшие рекламные расходы?","Сервис предоставляет данные о затратах на рекламу по каждому товару, что помогает оптимизировать бюджет."
"Какие функции помогают в анализе эффективности предметов?","Сервис предоставляет данные о продажах и заказах по предметам, что помогает оценить их эффективность."
"Как я могу узнать, какие товары имеют наибольшие отказы?","Сервис предоставляет данные о проценте отказов по каждому товару, что помогает выявить проблемные позиции."
"Какие функции помогают в анализе эффективности артикулов?","Сервис предоставляет данные о продажах и заказах по артикулам, что помогает оценить их эффективность."
"Как я могу узнать, какие товары имеют наибольшие продажи?","Сервис предоставляет данные о продажах по каждому товару, что помогает выявить лидеров продаж."
"Какие функции помогают в анализе эффективности рекламных кампаний?","Сервис предоставляет данные о затратах на рекламу и их окупаемости, что помогает оптимизировать кампании."
"Как я могу узнать, какие товары имеют наибольшие заказы?","Сервис предоставляет данные о заказах по каждому товару, что помогает выявить популярные позиции."
"Какие функции помогают в анализе эффективности категорий?","Сервис предоставляет данные о продажах и заказах по категориям, что помогает оценить их эффективность."
"Как я могу узнать, какие товары имеют наибольшие выкупы?","Сервис предоставляет данные о проценте выкупа по каждому товару, что помогает выявить лидеров продаж."
"Какие функции помогают в анализе эффективности рекламных объявлений?","Сервис предоставляет данные о CTR, CPC и других метриках, что помогает оценить эффективность объявлений."
"Как я могу узнать, какие товары имеют наибольшие показы?","Сервис предоставляет данные о показах по каждому товару, что помогает выявить популярные позиции."
"Какие функции помогают в анализе эффективности ключевых слов?","Сервис предоставляет данные о CTR и CPC по ключевым словам, что помогает оптимизировать рекламу."
"Как я могу узнать, какие товары имеют наибольшие клики?","Сервис предоставляет данные о кликах по каждому товару, что помогает выявить популярные позиции."
"Какие функции помогают в анализе эффективности рекламных стратегий?","Сервис предоставляет данные о затратах и окупаемости по стратегиям, что помогает оптимизировать рекламу."
"Как я могу узнать, какие товары имеют наибольшие добавления в корзину?","Сервис предоставляет данные о добавлениях в корзину по каждому товару, что помогает выявить популярные позиции."
"Какие функции помогают в анализе эффективности рекламных кампаний по датам?","Сервис предоставляет данные о затратах и окупаемости по датам, что помогает оптимизировать рекламу."
"Как я могу узнать, какие товары имеют наибольшие отказы по датам?","Сервис предоставляет данные о проценте отказов по датам, что помогает выявить проблемные периоды."
"Какие функции помогают в анализе эффективности рекламных кампаний по регионам?","Сервис предоставляет данные о затратах и окупаемости по регионам, что помогает оптимизировать рекламу."
"Как я могу узнать, какие товары имеют наибольшие продажи по регионам?","Сервис предоставляет данные о продажах по регионам, что помогает выявить популярные регионы."
"Какие функции помогают в анализе эффективности рекламных кампаний по брендам?","Сервис предоставляет данные о затратах и окупаемости по брендам, что помогает оптимизировать рекламу."
"Как я могу узнать, какие товары имеют наибольшие заказы по брендам?","Сервис предоставляет данные о заказах по брендам, что помогает выявить популярные бренды."
"Какие функции помогают в анализе эффективности рекламных кампаний по категориям?","Сервис предоставляет данные о затратах и окупаемости по категориям, что помогает оптимизировать рекламу."
"Как я могу узнать, какие товары имеют наибольшие выкупы по категориям?","Сервис предоставляет данные о выкупах по категориям, что помогает выявить популярные категории."
"Какие функции помогают в анализе эффективности рекламных кампаний по артикулам?","Сервис предоставляет данные о затратах и окупаемости по артикулам, что помогает оптимизировать рекламу."
"Как я могу узнать, какие товары имеют наибольшие продажи по артикулам?","Сервис предоставляет данные о продажах по артикулам, что помогает выявить популярные позиции."
"Какие функции помогают в анализе эффективности рекламных кампаний по предметам?","Сервис предоставляет данные о затратах и окупаемости по предметам, что помогает оптимизировать рекламу."
"Как я могу узнать, какие товары имеют наибольшие заказы по предметам?","Сервис предоставляет данные о заказах по предметам, что помогает выявить популярные позиции."
"Какие функции помогают в анализе эффективности рекламных кампаний по ключевым словам?","Сервис предоставляет данные о затратах и окупаемости по ключевым словам, что помогает оптимизировать рекламу."
"Как я могу узнать, какие товары имеют наибольшие клики по ключевым словам?","Сервис предоставляет данные о кликах по ключевым словам, что помогает выявить популярные слова."
"Какие функции помогают в анализе эффективности рекламных кампаний по стратегиям?","Сервис предоставляет данные о затратах и окупаемости по стратегиям, что помогает оптимизировать рекламу."
"Как я могу узнать, какие товары имеют наибольшие добавления в корзину по стратегиям?","Сервис предоставляет данные о добавлениях в корзину по стратегиям, что помогает выявить эффективные стратегии."
"Какие функции помогают в анализе эффективности рекламных кампаний по датам и регионам?","Сервис предоставляет данные о затратах и окупаемости по датам и регионам, что помогает оптимизировать рекламу."
"Как я могу узнать, какие товары имеют наибольшие продажи по датам и регионам?","Сервис предоставляет данные о продажах по датам и регионам, что помогает выявить популярные периоды и регионы."
"Какие функции помогают в анализе эффективности рекламных кампаний по брендам и категориям?","Сервис предоставляет данные о затратах и окупаемости по брендам и категориям, что помогает оптимизировать рекламу."
"Как я могу узнать, какие товары имеют наибольшие заказы по брендам и категориям?","Сервис предоставляет данные о заказах по брендам и категориям, что помогает выявить популярные бренды и категории."
"Какие функции помогают в анализе эффективности рекламных кампаний по артикулам и предметам?","Сервис предоставляет данные о затратах и окупаемости по артикулам и предметам, что помогает оптимизировать рекламу."
"Как я могу узнать, какие товары имеют наибольшие выкупы по артикулам и предметам?","Сервис предоставляет данные о выкупах по артикулам и предметам, что помогает выявить популярные позиции."
"Какие функции помогают в анализе эффективности рекламных кампаний по ключевым словам и стратегиям?","Сервис предоставляет данные о затратах и окупаемости по ключевым словам и стратегиям, что помогает оптимизировать рекламу."
"Как я могу узнать, какие товары имеют наибольшие клики по ключевым словам и стратегиям?","Сервис предоставляет данные о кликах по ключевым словам и стратегиям, что помогает выявить эффективные слова и стратегии."
"Какие функции помогают в анализе эффективности рекламных кампаний по всем параметрам?","Сервис предоставляет данные о затратах и окупаемости по всем параметрам, что помогает оптимизировать рекламу."
"Как я могу узнать, какие товары имеют наибольшие продажи по всем параметрам?","Сервис предоставляет данные о продажах по всем параметрам, что помогает выявить популярные позиции."
"Какие функции помогают в анализе эффективности рекламных кампаний по всем параметрам и датам?","Сервис предоставляет данные о затратах и окупаемости по всем параметрам и датам, что помогает оптимизировать рекламу."